accession,m01,m02,m03,m04,m05,m06,m07,m08,m09,m10,m11,m12,m13,m14,m15,m16,m17,m18,m19,m20
A1,0,1,2,1,0,1,1,2,1,2,0,0,2,0,1,0,1,0,2,1
A2,1,2,1,0,1,0,2,0,1,1,1,2,2,2,2,2,0,0,0,2
A3,0,2,1,2,1,0,0,1,0,0,0,0,1,1,2,0,0,1,2,0
A4,2,1,1,1,1,2,2,2,2,2,2,0,1,2,2,2,2,0,0,0
A5,2,0,1,2,2,2,0,1,1,0,1,2,0,2,2,2,0,2,1,1
A6,1,2,1,1,1,1,1,0,0,2,0,2,1,0,0,2,2,2,2,2
A7,2,1,2,2,1,1,0,0,2,1,1,0,1,2,2,1,0,1,0,2
A8,2,1,0,0,2,1,2,0,0,2,2,2,2,0,0,2,0,0,2,1
A9,1,0,2,0,0,2,2,2,0,0,2,1,1,0,0,0,0,1,1,0
A10,1,1,2,2,0,2,2,0,2,2,2,1,1,1,1,0,0,0,0,1
A11,2,1,2,0,0,0,1,0,0,0,1,0,2,0,2,0,0,2,2,0
A12,0,0,2,1,2,2,2,1,0,0,0,0,2,1,0,1,2,2,2,1
A13,1,0,0,1,1,2,2,0,0,1,0,2,0,2,0,1,1,1,2,1
A14,0,2,2,2,2,1,0,1,0,2,2,2,0,1,2,1,1,1,2,0
A15,1,2,0,0,0,0,0,2,2,1,2,1,2,0,2,2,1,2,0,0
A16,1,2,1,2,2,2,1,0,2,0,1,0,0,2,2,1,1,1,0,1
A17,1,2,0,2,0,0,0,1,2,1,0,2,0,0,0,2,1,2,2,0
A18,2,1,0,2,0,2,1,0,1,0,1,1,2,2,1,2,1,1,0,2
A19,0,0,1,0,1,0,1,0,2,2,1,2,0,2,2,1,0,1,1,1
A20,1,1,1,1,1,2,2,1,0,0,0,1,1,0,0,0,0,2,2,0
A21,2,1,2,1,2,0,1,2,1,0,1,2,1,1,1,1,1,0,2,2
A22,2,2,0,2,2,2,0,2,0,1,1,1,1,2,2,0,0,2,0,2
A23,1,1,2,2,2,2,1,1,0,0,1,1,0,2,0,1,2,0,1,0
A24,1,2,1,0,2,2,1,0,0,1,2,2,0,2,0,1,1,1,1,2
A25,1,2,1,0,2,0,2,0,0,1,1,1,1,0,1,2,1,1,2,2
A26,2,0,2,2,2,1,0,2,2,1,2,2,0,2,2,2,2,2,1,0
A27,0,0,2,2,0,2,0,2,2,2,1,2,1,1,2,1,0,1,0,0
A28,2,1,1,0,1,2,0,1,2,2,1,0,1,1,1,2,1,2,2,0
A29,1,1,2,2,0,0,1,2,0,2,2,0,0,2,1,2,1,1,1,0
A30,1,1,1,1,2,1,0,0,2,0,1,1,2,0,1,0,1,0,0,0
A31,0,0,2,2,1,0,0,2,2,0,0,1,2,2,1,2,0,2,0,1
A32,1,2,1,0,0,2,1,2,0,0,1,0,0,1,0,0,0,0,2,1
A33,2,2,1,1,0,2,0,2,0,2,2,2,0,1,2,0,2,1,1,0
A34,2,2,2,0,1,0,2,2,0,1,1,0,2,2,2,2,1,0,2,1
A35,0,0,1,2,1,0,1,2,0,2,1,2,2,1,0,1,1,2,2,2
A36,2,2,0,0,2,1,0,0,1,2,1,0,0,1,1,1,1,1,1,0
A37,0,0,2,0,2,1,0,2,1,1,1,2,2,0,0,1,1,2,2,1
A38,0,2,2,1,0,0,1,1,0,1,0,1,2,1,0,1,0,0,2,1
A39,0,2,1,0,0,2,0,1,2,1,0,2,0,2,2,1,2,2,0,1
A40,1,1,2,2,2,1,0,0,1,1,1,1,0,2,0,0,2,2,1,0
A41,2,1,0,1,2,2,2,2,1,2,2,2,0,2,2,0,1,2,1,2
A42,2,0,2,1,0,2,2,1,2,2,2,1,0,1,0,1,2,0,0,1
A43,2,1,0,2,0,2,0,2,2,1,0,1,1,1,1,0,1,2,2,0
A44,0,2,2,0,0,0,1,0,0,2,1,2,2,1,2,2,0,1,0,0
A45,2,1,0,2,2,2,0,0,1,1,1,2,1,2,1,1,1,1,2,1
A46,2,0,1,2,1,2,1,2,1,2,2,2,1,1,2,1,1,1,1,0
A47,2,1,2,2,0,1,1,2,2,1,2,1,0,1,2,2,0,2,0,1
A48,0,1,1,2,1,0,1,0,1,0,2,1,0,0,2,0,0,2,2,1
A49,1,1,2,0,0,2,0,2,2,1,0,1,0,0,2,1,0,1,2,1
A50,1,0,2,1,0,2,0,0,2,2,0,0,2,2,2,0,2,1,0,1
